Name,Link
Zorzo da Castelfranco,http://web.archive.org/web/20121010201041/http://www.nga.gov/cgi-bin/tsearch?artistid=1341
"Zox, Larry",http://web.archive.org/web/20121010201041/http://www.nga.gov/cgi-bin/tsearch?artistid=6731
Zsissly,http://web.archive.org/web/20121010201041/http://www.nga.gov/cgi-bin/tsearch?artistid=6496
"Zuccarelli, Francesco",http://web.archive.org/web/20121010201041/http://www.nga.gov/cgi-bin/tsearch?artistid=6350
"Zuccarello, Anthony",http://web.archive.org/web/20121010201041/http://www.nga.gov/cgi-bin/tsearch?artistid=8237
"Zuccari, Federico",http://web.archive.org/web/20121010201041/http://www.nga.gov/cgi-bin/tsearch?artistid=2812
"Zuccari, Taddeo",http://web.archive.org/web/20121010201041/http://www.nga.gov/cgi-bin/tsearch?artistid=2813
"Zuccaro, Federico",http://web.archive.org/web/20121010201041/http://www.nga.gov/cgi-bin/tsearch?artistid=2812
"Zuccaro, Federigo",http://web.archive.org/web/20121010201041/http://www.nga.gov/cgi-bin/tsearch?artistid=2812
"Zuccaro, Taddeo",http://web.archive.org/web/20121010201041/http://www.nga.gov/cgi-bin/tsearch?artistid=2813
"Zucchi, Andrea",http://web.archive.org/web/20121010201041/http://www.nga.gov/cgi-bin/tsearch?artistid=3468
"Zucchi, Antonio",http://web.archive.org/web/20121010201041/http://www.nga.gov/cgi-bin/tsearch?artistid=6040
"Zucchi, Francesco",http://web.archive.org/web/20121010201041/http://www.nga.gov/cgi-bin/tsearch?artistid=3469
"Zucchi, Giuseppe Carlo",http://web.archive.org/web/20121010201041/http://www.nga.gov/cgi-bin/tsearch?artistid=20911
"Zucchi, Jacopo",http://web.archive.org/web/20121010201041/http://www.nga.gov/cgi-bin/tsearch?artistid=5578
"Zucchi, Lorenzo",http://web.archive.org/web/20121010201041/http://www.nga.gov/cgi-bin/tsearch?artistid=3470
"Zuelch, Clarence Edward",http://web.archive.org/web/20121010201041/http://www.nga.gov/cgi-bin/tsearch?artistid=34160
"Zuloaga, Ignacio",http://web.archive.org/web/20121010201041/http://www.nga.gov/cgi-bin/tsearch?artistid=1992
"Zuloaga y Zabaleta, Ignacio",http://web.archive.org/web/20121010201041/http://www.nga.gov/cgi-bin/tsearch?artistid=1992
"Zumwalt, Gail Delaney",http://web.archive.org/web/20121010201041/http://www.nga.gov/cgi-bin/tsearch?artistid=34984
"Zundt, Mathis",http://web.archive.org/web/20121010201041/http://www.nga.gov/cgi-bin/tsearch?artistid=3471
"Zupa, Nicholas",http://web.archive.org/web/20121010201041/http://www.nga.gov/cgi-bin/tsearch?artistid=8238
"Zurbarán, Francisco de",http://web.archive.org/web/20121010201041/http://www.nga.gov/cgi-bin/tsearch?artistid=1993
"Zustris, Friedrich",http://web.archive.org/web/20121010201041/http://www.nga.gov/cgi-bin/tsearch?artistid=2767
"Zutman III, Lambert",http://web.archive.org/web/20121010201041/http://www.nga.gov/cgi-bin/tsearch?artistid=3472
"Zwiers, Willem",http://web.archive.org/web/20121010201041/http://www.nga.gov/cgi-bin/tsearch?artistid=5713
"Zwiers, Wim",http://web.archive.org/web/20121010201041/http://www.nga.gov/cgi-bin/tsearch?artistid=5713
"Zwysen, Henry",http://web.archive.org/web/20121010201041/http://www.nga.gov/cgi-bin/tsearch?artistid=8239
"Zykmund, Václav",http://web.archive.org/web/20121010201041/http://www.nga.gov/cgi-bin/tsearch?artistid=24614
Zorzo da Castelfranco,http://web.archive.org/web/20121010201041/http://www.nga.gov/cgi-bin/tsearch?artistid=1341
"Zox, Larry",http://web.archive.org/web/20121010201041/http://www.nga.gov/cgi-bin/tsearch?artistid=6731
Zsissly,http://web.archive.org/web/20121010201041/http://www.nga.gov/cgi-bin/tsearch?artistid=6496
"Zuccarelli, Francesco",http://web.archive.org/web/20121010201041/http://www.nga.gov/cgi-bin/tsearch?artistid=6350
"Zuccarello, Anthony",http://web.archive.org/web/20121010201041/http://www.nga.gov/cgi-bin/tsearch?artistid=8237
"Zuccari, Federico",http://web.archive.org/web/20121010201041/http://www.nga.gov/cgi-bin/tsearch?artistid=2812
"Zuccari, Taddeo",http://web.archive.org/web/20121010201041/http://www.nga.gov/cgi-bin/tsearch?artistid=2813
"Zuccaro, Federico",http://web.archive.org/web/20121010201041/http://www.nga.gov/cgi-bin/tsearch?artistid=2812
"Zuccaro, Federigo",http://web.archive.org/web/20121010201041/http://www.nga.gov/cgi-bin/tsearch?artistid=2812
"Zuccaro, Taddeo",http://web.archive.org/web/20121010201041/http://www.nga.gov/cgi-bin/tsearch?artistid=2813
"Zucchi, Andrea",http://web.archive.org/web/20121010201041/http://www.nga.gov/cgi-bin/tsearch?artistid=3468
"Zucchi, Antonio",http://web.archive.org/web/20121010201041/http://www.nga.gov/cgi-bin/tsearch?artistid=6040
"Zucchi, Francesco",http://web.archive.org/web/20121010201041/http://www.nga.gov/cgi-bin/tsearch?artistid=3469
"Zucchi, Giuseppe Carlo",http://web.archive.org/web/20121010201041/http://www.nga.gov/cgi-bin/tsearch?artistid=20911
"Zucchi, Jacopo",http://web.archive.org/web/20121010201041/http://www.nga.gov/cgi-bin/tsearch?artistid=5578
"Zucchi, Lorenzo",http://web.archive.org/web/20121010201041/http://www.nga.gov/cgi-bin/tsearch?artistid=3470
"Zuelch, Clarence Edward",http://web.archive.org/web/20121010201041/http://www.nga.gov/cgi-bin/tsearch?artistid=34160
"Zuloaga, Ignacio",http://web.archive.org/web/20121010201041/http://www.nga.gov/cgi-bin/tsearch?artistid=1992
"Zuloaga y Zabaleta, Ignacio",http://web.archive.org/web/20121010201041/http://www.nga.gov/cgi-bin/tsearch?artistid=1992
"Zumwalt, Gail Delaney",http://web.archive.org/web/20121010201041/http://www.nga.gov/cgi-bin/tsearch?artistid=34984
"Zundt, Mathis",http://web.archive.org/web/20121010201041/http://www.nga.gov/cgi-bin/tsearch?artistid=3471
"Zupa, Nicholas",http://web.archive.org/web/20121010201041/http://www.nga.gov/cgi-bin/tsearch?artistid=8238
"Zurbarán, Francisco de",http://web.archive.org/web/20121010201041/http://www.nga.gov/cgi-bin/tsearch?artistid=1993
"Zustris, Friedrich",http://web.archive.org/web/20121010201041/http://www.nga.gov/cgi-bin/tsearch?artistid=2767
"Zutman III, Lambert",http://web.archive.org/web/20121010201041/http://www.nga.gov/cgi-bin/tsearch?artistid=3472
"Zwiers, Willem",http://web.archive.org/web/20121010201041/http://www.nga.gov/cgi-bin/tsearch?artistid=5713
"Zwiers, Wim",http://web.archive.org/web/20121010201041/http://www.nga.gov/cgi-bin/tsearch?artistid=5713
"Zwysen, Henry",http://web.archive.org/web/20121010201041/http://www.nga.gov/cgi-bin/tsearch?artistid=8239
"Zykmund, Václav",http://web.archive.org/web/20121010201041/http://www.nga.gov/cgi-bin/tsearch?artistid=24614
Zorzo da Castelfranco,http://web.archive.org/web/20121010201041/http://www.nga.gov/cgi-bin/tsearch?artistid=1341
"Zox, Larry",http://web.archive.org/web/20121010201041/http://www.nga.gov/cgi-bin/tsearch?artistid=6731
Zsissly,http://web.archive.org/web/20121010201041/http://www.nga.gov/cgi-bin/tsearch?artistid=6496
"Zuccarelli, Francesco",http://web.archive.org/web/20121010201041/http://www.nga.gov/cgi-bin/tsearch?artistid=6350
"Zuccarello, Anthony",http://web.archive.org/web/20121010201041/http://www.nga.gov/cgi-bin/tsearch?artistid=8237
"Zuccari, Federico",http://web.archive.org/web/20121010201041/http://www.nga.gov/cgi-bin/tsearch?artistid=2812
"Zuccari, Taddeo",http://web.archive.org/web/20121010201041/http://www.nga.gov/cgi-bin/tsearch?artistid=2813
"Zuccaro, Federico",http://web.archive.org/web/20121010201041/http://www.nga.gov/cgi-bin/tsearch?artistid=2812
"Zuccaro, Federigo",http://web.archive.org/web/20121010201041/http://www.nga.gov/cgi-bin/tsearch?artistid=2812
"Zuccaro, Taddeo",http://web.archive.org/web/20121010201041/http://www.nga.gov/cgi-bin/tsearch?artistid=2813
"Zucchi, Andrea",http://web.archive.org/web/20121010201041/http://www.nga.gov/cgi-bin/tsearch?artistid=3468
"Zucchi, Antonio",http://web.archive.org/web/20121010201041/http://www.nga.gov/cgi-bin/tsearch?artistid=6040
"Zucchi, Francesco",http://web.archive.org/web/20121010201041/http://www.nga.gov/cgi-bin/tsearch?artistid=3469
"Zucchi, Giuseppe Carlo",http://web.archive.org/web/20121010201041/http://www.nga.gov/cgi-bin/tsearch?artistid=20911
"Zucchi, Jacopo",http://web.archive.org/web/20121010201041/http://www.nga.gov/cgi-bin/tsearch?artistid=5578
"Zucchi, Lorenzo",http://web.archive.org/web/20121010201041/http://www.nga.gov/cgi-bin/tsearch?artistid=3470
"Zuelch, Clarence Edward",http://web.archive.org/web/20121010201041/http://www.nga.gov/cgi-bin/tsearch?artistid=34160
"Zuloaga, Ignacio",http://web.archive.org/web/20121010201041/http://www.nga.gov/cgi-bin/tsearch?artistid=1992
"Zuloaga y Zabaleta, Ignacio",http://web.archive.org/web/20121010201041/http://www.nga.gov/cgi-bin/tsearch?artistid=1992
"Zumwalt, Gail Delaney",http://web.archive.org/web/20121010201041/http://www.nga.gov/cgi-bin/tsearch?artistid=34984
"Zundt, Mathis",http://web.archive.org/web/20121010201041/http://www.nga.gov/cgi-bin/tsearch?artistid=3471
"Zupa, Nicholas",http://web.archive.org/web/20121010201041/http://www.nga.gov/cgi-bin/tsearch?artistid=8238
"Zurbarán, Francisco de",http://web.archive.org/web/20121010201041/http://www.nga.gov/cgi-bin/tsearch?artistid=1993
"Zustris, Friedrich",http://web.archive.org/web/20121010201041/http://www.nga.gov/cgi-bin/tsearch?artistid=2767
"Zutman III, Lambert",http://web.archive.org/web/20121010201041/http://www.nga.gov/cgi-bin/tsearch?artistid=3472
"Zwiers, Willem",http://web.archive.org/web/20121010201041/http://www.nga.gov/cgi-bin/tsearch?artistid=5713
"Zwiers, Wim",http://web.archive.org/web/20121010201041/http://www.nga.gov/cgi-bin/tsearch?artistid=5713
"Zwysen, Henry",http://web.archive.org/web/20121010201041/http://www.nga.gov/cgi-bin/tsearch?artistid=8239
"Zykmund, Václav",http://web.archive.org/web/20121010201041/http://www.nga.gov/cgi-bin/tsearch?artistid=24614
Zorzo da Castelfranco,http://web.archive.org/web/20121010201041/http://www.nga.gov/cgi-bin/tsearch?artistid=1341
"Zox, Larry",http://web.archive.org/web/20121010201041/http://www.nga.gov/cgi-bin/tsearch?artistid=6731
Zsissly,http://web.archive.org/web/20121010201041/http://www.nga.gov/cgi-bin/tsearch?artistid=6496
"Zuccarelli, Francesco",http://web.archive.org/web/20121010201041/http://www.nga.gov/cgi-bin/tsearch?artistid=6350
"Zuccarello, Anthony",http://web.archive.org/web/20121010201041/http://www.nga.gov/cgi-bin/tsearch?artistid=8237
"Zuccari, Federico",http://web.archive.org/web/20121010201041/http://www.nga.gov/cgi-bin/tsearch?artistid=2812
"Zuccari, Taddeo",http://web.archive.org/web/20121010201041/http://www.nga.gov/cgi-bin/tsearch?artistid=2813
"Zuccaro, Federico",http://web.archive.org/web/20121010201041/http://www.nga.gov/cgi-bin/tsearch?artistid=2812
"Zuccaro, Federigo",http://web.archive.org/web/20121010201041/http://www.nga.gov/cgi-bin/tsearch?artistid=2812
"Zuccaro, Taddeo",http://web.archive.org/web/20121010201041/http://www.nga.gov/cgi-bin/tsearch?artistid=2813
"Zucchi, Andrea",http://web.archive.org/web/20121010201041/http://www.nga.gov/cgi-bin/tsearch?artistid=3468
"Zucchi, Antonio",http://web.archive.org/web/20121010201041/http://www.nga.gov/cgi-bin/tsearch?artistid=6040
"Zucchi, Francesco",http://web.archive.org/web/20121010201041/http://www.nga.gov/cgi-bin/tsearch?artistid=3469
"Zucchi, Giuseppe Carlo",http://web.archive.org/web/20121010201041/http://www.nga.gov/cgi-bin/tsearch?artistid=20911
"Zucchi, Jacopo",http://web.archive.org/web/20121010201041/http://www.nga.gov/cgi-bin/tsearch?artistid=5578
"Zucchi, Lorenzo",http://web.archive.org/web/20121010201041/http://www.nga.gov/cgi-bin/tsearch?artistid=3470
"Zuelch, Clarence Edward",http://web.archive.org/web/20121010201041/http://www.nga.gov/cgi-bin/tsearch?artistid=34160
"Zuloaga, Ignacio",http://web.archive.org/web/20121010201041/http://www.nga.gov/cgi-bin/tsearch?artistid=1992
"Zuloaga y Zabaleta, Ignacio",http://web.archive.org/web/20121010201041/http://www.nga.gov/cgi-bin/tsearch?artistid=1992
"Zumwalt, Gail Delaney",http://web.archive.org/web/20121010201041/http://www.nga.gov/cgi-bin/tsearch?artistid=34984
"Zundt, Mathis",http://web.archive.org/web/20121010201041/http://www.nga.gov/cgi-bin/tsearch?artistid=3471
"Zupa, Nicholas",http://web.archive.org/web/20121010201041/http://www.nga.gov/cgi-bin/tsearch?artistid=8238
"Zurbarán, Francisco de",http://web.archive.org/web/20121010201041/http://www.nga.gov/cgi-bin/tsearch?artistid=1993
"Zustris, Friedrich",http://web.archive.org/web/20121010201041/http://www.nga.gov/cgi-bin/tsearch?artistid=2767
"Zutman III, Lambert",http://web.archive.org/web/20121010201041/http://www.nga.gov/cgi-bin/tsearch?artistid=3472
"Zwiers, Willem",http://web.archive.org/web/20121010201041/http://www.nga.gov/cgi-bin/tsearch?artistid=5713
"Zwiers, Wim",http://web.archive.org/web/20121010201041/http://www.nga.gov/cgi-bin/tsearch?artistid=5713
"Zwysen, Henry",http://web.archive.org/web/20121010201041/http://www.nga.gov/cgi-bin/tsearch?artistid=8239
"Zykmund, Václav",http://web.archive.org/web/20121010201041/http://www.nga.gov/cgi-bin/tsearch?artistid=24614
